x,y
0,13.1
3,12.55
5,10.92
7,9.58
9,7.455
11,6.935
13,5.745
15,4.935
17,3.185
19,2.965
21,2.165
23,2.105
25,2.025
27,1.615
29,1.115
31,0.465
33,0.03
35,0.095
37,0.255
41,0.355
43,0.515
45,0.94
47,1.085
49,1.485
51,1.83
53,2.905
54,3.155
55,3.415
57,4.105
59,4.415
61,5.01
65,5.235
67,5.655
69,6.005
71,6.785
73,9.18
75,9.91
77,11.035
79,12.355
